{"cameraMode":{"drawMode":0,"name":"Shaded","section":"Shading Mode"},"sceneLighting":true,"audioPlay":false,"sceneViewState":{"m_AlwaysRefresh":false,"showFog":true,"showSkybox":true,"showFlares":true,"showImageEffects":true,"showParticleSystems":true,"showVisualEffectGraphs":true,"m_FxEnabled":true},"in2DMode":false,"pivot":{"x":-11.216768264770508,"y":-13.238365173339844,"z":1.4632658958435059},"rotation":{"x":-0.22605164349079133,"y":0.6707024574279785,"z":-0.22659866511821748,"w":-0.6690977215766907},"size":21.843910217285158,"orthographic":false}